{"cameraMode":{"drawMode":0,"name":"Shaded","section":"Shading Mode"},"sceneLighting":false,"audioPlay":false,"sceneViewState":{"m_AlwaysRefresh":false,"showFog":true,"showSkybox":false,"showFlares":true,"showImageEffects":true,"showParticleSystems":true,"showVisualEffectGraphs":true,"m_FxEnabled":true},"in2DMode":false,"pivot":{"x":-0.05480000749230385,"y":0.6000000238418579,"z":0.9967199563980103},"rotation":{"x":-0.005999540910124779,"y":-0.6732262372970581,"z":0.0054582832381129269,"w":-0.7394002079963684},"size":0.11936046928167343,"orthographic":false}